Likes - ,300, url of img -> ,https://sun9-28.userapi.com/c840720/v840720118/7d934/SsOvbS0TICo.jpg
Likes - ,291, url of img -> ,https://sun9-47.userapi.com/c7006/v7006761/5c725/FljtZN7zqmY.jpg
Likes - ,268, url of img -> ,https://sun9-32.userapi.com/c7006/v7006761/5c71d/snNlGSEojBM.jpg
Likes - ,307, url of img -> ,https://sun9-71.userapi.com/c7006/v7006021/4612e/yLQCjGndQ_A.jpg
Likes - ,36, url of img -> ,https://sun9-16.userapi.com/c7006/v7006021/46127/mPf_vyUYqN4.jpg
Likes - ,44, url of img -> ,https://sun9-38.userapi.com/c7006/v7006930/5e83f/7plrL1DGp5o.jpg
Likes - ,37, url of img -> ,https://sun9-18.userapi.com/c7006/v7006930/5e838/rvTSjG42868.jpg
Likes - ,123, url of img -> ,https://sun9-30.userapi.com/c7006/v7006930/5e831/0LPqmdN9tPw.jpg
Likes - ,63, url of img -> ,https://sun9-71.userapi.com/c7006/v7006930/5e82a/l_HPn9qMfiE.jpg
Likes - ,82, url of img -> ,https://sun9-41.userapi.com/c7006/v7006550/34823/kda41y94ezc.jpg
Likes - ,115, url of img -> ,https://sun9-56.userapi.com/c7006/v7006550/347dc/4RxPAUUQ70k.jpg
Likes - ,46, url of img -> ,https://sun9-50.userapi.com/c7006/v7006550/347d5/QOPmH9ZXLCU.jpg
Likes - ,99, url of img -> ,https://sun9-19.userapi.com/c7006/v7006550/3478f/9OMomG1N0oY.jpg
Likes - ,33, url of img -> ,https://sun9-37.userapi.com/c7006/v7006908/316e9/K94q06qxshU.jpg
Likes - ,35, url of img -> ,https://sun9-29.userapi.com/c7006/v7006908/316da/ZNvdVtrh99Q.jpg
Likes - ,74, url of img -> ,https://sun9-17.userapi.com/c7006/v7006908/316d3/VgfDtNOQsXA.jpg
Likes - ,219, url of img -> ,https://sun9-60.userapi.com/c7006/v7006908/316cb/_e-3pyClNkI.jpg
Likes - ,52, url of img -> ,https://sun9-57.userapi.com/c7006/v7006908/3169a/YL--1kwpiEQ.jpg
Likes - ,171, url of img -> ,https://sun9-127.userapi.com/c7006/v7006698/3a1be/-EtozRoX08w.jpg
Likes - ,49, url of img -> ,https://sun9-55.userapi.com/c7006/v7006698/3a1b6/ZfZiGYMrG8U.jpg
Likes - ,34, url of img -> ,https://sun9-11.userapi.com/c7006/v7006698/3a1af/dbGkMH1_G60.jpg
Likes - ,17, url of img -> ,https://sun9-13.userapi.com/c7006/v7006698/3a1a8/-cPqU8mgo8Q.jpg
Likes - ,81, url of img -> ,https://sun9-45.userapi.com/c7006/v7006698/3a19a/aaGG2HQWnNs.jpg
Likes - ,122, url of img -> ,https://sun9-1.userapi.com/c7006/v7006654/46972/897KqVY_pxY.jpg
Likes - ,19, url of img -> ,https://sun9-1.userapi.com/c7006/v7006654/46972/897KqVY_pxY.jpg
Likes - ,107, url of img -> ,https://sun9-72.userapi.com/c7006/v7006654/4692c/ybeALOpNMzg.jpg
Likes - ,19, url of img -> ,https://sun9-25.userapi.com/c7006/v7006654/4691e/b_AxQtdUuy0.jpg
Likes - ,53, url of img -> ,https://sun9-37.userapi.com/c7006/v7006654/468df/piubvhnlmHM.jpg
Likes - ,117, url of img -> ,https://sun9-40.userapi.com/c7006/v7006654/468d8/vp1bfIbF3ho.jpg
Likes - ,101, url of img -> ,https://sun9-40.userapi.com/c7006/v7006654/468d8/vp1bfIbF3ho.jpg
Likes - ,56, url of img -> ,https://sun9-55.userapi.com/c7006/v7006660/375c6/1QxHQzRQoS0.jpg
Likes - ,46, url of img -> ,https://sun9-36.userapi.com/c7006/v7006660/375bd/dhHpQ3XydI8.jpg
Likes - ,29, url of img -> ,https://sun9-127.userapi.com/c7006/v7006660/375b6/-C7BvubCyAA.jpg
Likes - ,80, url of img -> ,https://sun9-35.userapi.com/c7006/v7006660/37576/TrN4NV5nziU.jpg
Likes - ,19, url of img -> ,https://sun9-27.userapi.com/c7006/v7006660/3756f/QBH93Rf-mto.jpg
Likes - ,56, url of img -> ,https://sun9-15.userapi.com/c7006/v7006217/3ae35/DCmcwJkEkFQ.jpg
Likes - ,25, url of img -> ,https://sun9-15.userapi.com/c7006/v7006217/3ae35/DCmcwJkEkFQ.jpg
Likes - ,112, url of img -> ,https://sun9-46.userapi.com/c7006/v7006217/3aded/WqSOCexGGI8.jpg
Likes - ,60, url of img -> ,https://sun9-47.userapi.com/c7006/v7006217/3ade5/gGo9ie6jJp0.jpg
Likes - ,42, url of img -> ,https://sun9-10.userapi.com/c7006/v7006217/3adce/MVaO7zVfpbc.jpg
Likes - ,84, url of img -> ,https://sun9-56.userapi.com/c7006/v7006217/3adc7/HLNs0OskEaA.jpg
Likes - ,39, url of img -> ,https://sun9-54.userapi.com/c7006/v7006404/48461/ZXc_a2-fzQg.jpg
Likes - ,136, url of img -> ,https://sun9-54.userapi.com/c7006/v7006404/48458/vEX2MPj7lpI.jpg
Likes - ,21, url of img -> ,https://sun9-54.userapi.com/c7006/v7006404/48458/vEX2MPj7lpI.jpg
Likes - ,90, url of img -> ,https://sun9-68.userapi.com/c7006/v7006404/48428/5MIYj85lY0o.jpg
Likes - ,24, url of img -> ,https://sun9-43.userapi.com/c7006/v7006404/48421/_AmagO29nzM.jpg
Likes - ,81, url of img -> ,https://sun9-14.userapi.com/c7006/v7006404/48419/IFeKgDV1MVA.jpg
Likes - ,132, url of img -> ,https://sun9-65.userapi.com/c7006/v7006057/3ca6c/Utkz4e4wLCI.jpg
Likes - ,142, url of img -> ,https://sun9-40.userapi.com/c7006/v7006057/3ca63/VHS98WbnKlA.jpg
Likes - ,10, url of img -> ,https://sun9-53.userapi.com/c7006/v7006057/3ca5c/KX98AT_qBco.jpg
Likes - ,20, url of img -> ,https://sun9-50.userapi.com/c7006/v7006057/3ca55/3WYgrtjS_wU.jpg
Likes - ,52, url of img -> ,https://sun9-70.userapi.com/c7006/v7006057/3ca4e/yTYFBpufH68.jpg
Likes - ,41, url of img -> ,https://sun9-3.userapi.com/c7006/v7006383/42076/mCgzcmFIfCE.jpg
Likes - ,28, url of img -> ,https://sun9-40.userapi.com/c7006/v7006383/4206e/UQhLv6kw1ao.jpg
Likes - ,89, url of img -> ,https://sun9-48.userapi.com/c7006/v7006383/42067/zloa1GbBXSk.jpg
Likes - ,9, url of img -> ,https://sun9-70.userapi.com/c7006/v7006383/42059/WAzXG2YlQW4.jpg
Likes - ,40, url of img -> ,https://sun9-63.userapi.com/c7006/v7006966/69f68/57KoFUxDxy8.jpg
Likes - ,29, url of img -> ,https://sun9-8.userapi.com/c7006/v7006966/69f61/H1lmnuyCy0A.jpg
Likes - ,23, url of img -> ,https://sun9-1.userapi.com/c7006/v7006595/34154/FBpi4ak2RRM.jpg
Likes - ,40, url of img -> ,https://sun9-1.userapi.com/c7006/v7006595/34154/FBpi4ak2RRM.jpg
Likes - ,26, url of img -> ,https://sun9-37.userapi.com/c7006/v7006595/3414b/svrmAYhJGBI.jpg
Likes - ,11, url of img -> ,https://sun9-37.userapi.com/c7006/v7006595/3414b/svrmAYhJGBI.jpg
Likes - ,47, url of img -> ,https://sun9-39.userapi.com/c7006/v7006533/3ea53/ZhBifpXWgCQ.jpg
Likes - ,25, url of img -> ,https://sun9-41.userapi.com/c7006/v7006533/3ea4b/MlzI8kAhLso.jpg
Likes - ,24, url of img -> ,https://sun9-29.userapi.com/c7006/v7006533/3ea44/uUFHQ6E5D4g.jpg
Likes - ,8, url of img -> ,https://sun9-3.userapi.com/c7006/v7006824/30699/S3EDLmFqcaE.jpg
Likes - ,68, url of img -> ,https://sun9-54.userapi.com/c7006/v7006824/30692/c32VqLZmXpc.jpg
Likes - ,32, url of img -> ,https://sun9-17.userapi.com/c7006/v7006824/3068b/5gnE_tKDdJw.jpg
Likes - ,13, url of img -> ,https://sun9-40.userapi.com/c7006/v7006824/30684/pMY-CXombO4.jpg
Likes - ,53, url of img -> ,https://sun9-39.userapi.com/c7006/v7006214/53392/cnhRPGcKNn4.jpg
Likes - ,166, url of img -> ,https://sun9-9.userapi.com/c7006/v7006214/5338b/XbIMaICIOZE.jpg
Likes - ,40, url of img -> ,https://sun9-21.userapi.com/c7006/v7006214/53382/ai_30smoi0Y.jpg
Likes - ,132, url of img -> ,https://sun9-15.userapi.com/c7006/v7006214/5337a/YdAyyLUPi8A.jpg
Likes - ,17, url of img -> ,https://sun9-45.userapi.com/c7006/v7006763/3ff98/kYFQdSpb8jA.jpg
Likes - ,18, url of img -> ,https://sun9-45.userapi.com/c7006/v7006763/3ff98/kYFQdSpb8jA.jpg
Likes - ,16, url of img -> ,https://sun9-22.userapi.com/c7006/v7006763/3ff90/x35KFeIB7BA.jpg
Likes - ,59, url of img -> ,https://sun9-28.userapi.com/c7006/v7006763/3ff89/sQ5xO2fBEpU.jpg
Likes - ,16, url of img -> ,https://sun9-28.userapi.com/c7006/v7006763/3ff89/sQ5xO2fBEpU.jpg
Likes - ,55, url of img -> ,https://sun9-28.userapi.com/c7006/v7006763/3ff89/sQ5xO2fBEpU.jpg
Likes - ,75, url of img -> ,https://sun9-25.userapi.com/c7006/v7006737/2f946/j8ZG02Kdq5s.jpg
Likes - ,58, url of img -> ,https://sun9-49.userapi.com/c7006/v7006737/2f92f/_QsMhCWeh58.jpg
Likes - ,35, url of img -> ,https://sun9-37.userapi.com/c7006/v7006737/2f927/0Ret1WT2Wn0.jpg
Likes - ,8, url of img -> ,https://sun9-61.userapi.com/c7006/v7006737/2f91f/7c4NL5MeDZA.jpg
Likes - ,42, url of img -> ,https://sun9-33.userapi.com/c7006/v7006737/2f918/bGyyMx7GY6I.jpg
Likes - ,25, url of img -> ,https://sun9-45.userapi.com/c7006/v7006737/2f911/5KBescHldrI.jpg
Likes - ,5, url of img -> ,https://sun9-45.userapi.com/c7006/v7006737/2f911/5KBescHldrI.jpg
Likes - ,40, url of img -> ,https://sun9-68.userapi.com/c830208/v830208134/10db1c/HheesJJS9qw.jpg
Likes - ,27, url of img -> ,https://sun9-3.userapi.com/c830208/v830208134/10daff/es_JNg0HtzU.jpg
Likes - ,8, url of img -> ,https://sun9-14.userapi.com/c830208/v830208134/10daf6/Y-JTd0l6HIs.jpg
Likes - ,21, url of img -> ,https://sun9-70.userapi.com/c7006/v7006134/34eb0/-1JoFNBfZlM.jpg
Likes - ,44, url of img -> ,https://sun9-39.userapi.com/c7006/v7006134/34ea8/nvs-Js2G5gk.jpg
Likes - ,58, url of img -> ,https://sun9-44.userapi.com/c7006/v7006134/34e7d/uDWCoUDcKJI.jpg
Likes - ,56, url of img -> ,https://sun9-4.userapi.com/c7006/v7006134/34e76/mPtXbXgSQZ8.jpg
Likes - ,18, url of img -> ,https://sun9-16.userapi.com/c824600/v824600823/149129/UrbdXwRb1hY.jpg
Likes - ,21, url of img -> ,https://sun9-39.userapi.com/c824600/v824600823/149118/hCfT0a9UR-o.jpg
Likes - ,28, url of img -> ,https://sun9-62.userapi.com/c824600/v824600823/149110/9TlPcjVstXE.jpg
Likes - ,45, url of img -> ,https://sun9-44.userapi.com/c824600/v824600823/1490ff/ySCDkDgfvUk.jpg
Likes - ,27, url of img -> ,https://sun9-44.userapi.com/c824600/v824600823/1490ff/ySCDkDgfvUk.jpg
Likes - ,40, url of img -> ,https://sun9-9.userapi.com/c7006/v7006823/302ab/dVBlyZVl84k.jpg
Likes - ,99, url of img -> ,https://sun9-56.userapi.com/c7006/v7006823/302a3/EWmWK8ZhXaw.jpg
